日期,时间,时间戳,27币涨跌幅总和(%)
2026-01-03,00:00,1767369240,0.0000
2026-01-03,00:30,1767371040,0.0000
2026-01-03,01:00,1767372840,0.0000
2026-01-03,01:30,1767374640,0.0000
2026-01-03,02:00,1767376440,0.0000
2026-01-03,02:30,1767378240,0.0000
2026-01-03,03:00,1767380040,0.0000
2026-01-03,03:30,1767381840,0.0000
2026-01-03,04:00,1767383640,0.0000
2026-01-03,04:30,1767385440,0.0000
2026-01-03,05:00,1767387240,0.0000
2026-01-03,05:30,1767389040,0.0000
2026-01-03,06:00,1767390840,0.0000
2026-01-03,06:30,1767392640,0.0000
2026-01-03,07:00,1767394440,0.0000
2026-01-03,07:30,1767396240,0.0000
2026-01-03,08:00,1767398040,0.0000
2026-01-03,08:30,1767399840,0.0000
2026-01-03,09:00,1767401640,0.0000
2026-01-03,09:30,1767403440,0.0000
2026-01-03,10:00,1767405240,0.0000
2026-01-03,10:30,1767407040,0.0000
2026-01-03,11:00,1767408840,0.0000
2026-01-03,11:30,1767410640,0.0000
2026-01-03,12:00,1767412440,0.0000
2026-01-03,12:30,1767414240,0.0000
2026-01-03,13:00,1767416040,0.0000
2026-01-03,13:30,1767417840,0.0000
2026-01-03,14:00,1767419640,0.0000
2026-01-03,14:30,1767421440,0.0000
2026-01-03,15:00,1767423240,0.0000
2026-01-03,15:30,1767425040,0.0000
2026-01-03,16:00,1767426840,0.0000
2026-01-03,16:30,1767428640,0.0000
2026-01-03,17:00,1767430440,0.0000
2026-01-03,17:30,1767432240,0.0000
2026-01-03,18:00,1767434040,0.0000
2026-01-03,18:30,1767435840,0.0000
2026-01-03,19:00,1767437640,0.0000
2026-01-03,19:30,1767439440,0.0000
2026-01-03,20:00,1767441240,0.0000
2026-01-03,20:30,1767443040,0.0000
2026-01-03,21:00,1767444840,0.0000
2026-01-03,21:30,1767446640,0.0000
2026-01-03,22:00,1767448440,0.0000
2026-01-03,22:30,1767450240,0.0000
2026-01-03,23:00,1767452040,0.0000
2026-01-03,23:30,1767453840,0.0000
2026-01-04,00:00,1767455640,0.0000
2026-01-04,00:30,1767457440,0.0000
2026-01-04,01:00,1767459240,0.0000
2026-01-04,01:30,1767461040,0.0000
2026-01-04,02:00,1767462840,0.0000
2026-01-04,02:30,1767464640,0.0000
2026-01-04,03:00,1767466440,0.0000
2026-01-04,03:30,1767468240,0.0000
2026-01-04,04:00,1767470040,0.0000
2026-01-04,04:30,1767471840,0.0000
2026-01-04,05:00,1767473640,0.0000
2026-01-04,05:30,1767475440,0.0000
2026-01-04,06:00,1767477240,0.0000
2026-01-04,06:30,1767479040,0.0000
2026-01-04,07:00,1767480840,0.0000
2026-01-04,07:30,1767482640,0.0000
2026-01-04,08:00,1767484440,0.0000
2026-01-04,08:30,1767486240,0.0000
2026-01-04,09:00,1767488040,0.0000
2026-01-04,09:30,1767489840,0.0000
2026-01-04,10:00,1767491640,0.0000
2026-01-04,10:30,1767493440,0.0000
2026-01-04,11:00,1767495240,0.0000
2026-01-04,11:30,1767497040,0.0000
2026-01-04,12:00,1767498840,0.0000
2026-01-04,12:30,1767500640,0.0000
2026-01-04,13:00,1767502440,0.0000
2026-01-04,13:30,1767504240,0.0000
2026-01-04,14:00,1767506040,0.0000
2026-01-04,14:30,1767507840,0.0000
2026-01-04,15:00,1767509640,0.0000
2026-01-04,15:30,1767511440,0.0000
2026-01-04,16:00,1767513240,0.0000
2026-01-04,16:30,1767515040,0.0000
2026-01-04,17:00,1767516840,0.0000
2026-01-04,17:30,1767518640,0.0000
2026-01-04,18:00,1767520440,0.0000
2026-01-04,18:30,1767522240,0.0000
2026-01-04,19:00,1767524040,0.0000
2026-01-04,19:30,1767525840,0.0000
2026-01-04,20:00,1767527640,0.0000
2026-01-04,20:30,1767529440,0.0000
2026-01-04,21:00,1767531240,0.0000
2026-01-04,21:30,1767533040,0.0000
2026-01-04,22:00,1767534840,0.0000
2026-01-04,22:30,1767536640,0.0000
2026-01-04,23:00,1767538440,0.0000
2026-01-04,23:30,1767540240,0.0000
2026-01-05,00:00,1767542040,0.0000
2026-01-05,00:30,1767543840,0.0000
2026-01-05,01:00,1767545640,0.0000
2026-01-05,01:30,1767547440,0.0000
2026-01-05,02:00,1767549240,0.0000
2026-01-05,02:30,1767551040,0.0000
2026-01-05,03:00,1767552840,0.0000
2026-01-05,03:30,1767554640,0.0000
2026-01-05,04:00,1767556440,0.0000
2026-01-05,04:30,1767558240,0.0000
2026-01-05,05:00,1767560040,0.0000
2026-01-05,05:30,1767561840,0.0000
2026-01-05,06:00,1767563640,0.0000
2026-01-05,06:30,1767565440,0.0000
2026-01-05,07:00,1767567240,0.0000
2026-01-05,07:30,1767569040,0.0000
2026-01-05,08:00,1767570840,0.0000
2026-01-05,08:30,1767572640,0.0000
2026-01-05,09:00,1767574440,0.0000
2026-01-05,09:30,1767576240,0.0000
2026-01-05,10:00,1767578040,0.0000
2026-01-05,10:30,1767579840,0.0000
2026-01-05,11:00,1767581640,0.0000
2026-01-05,11:30,1767583440,0.0000
2026-01-05,12:00,1767585240,0.0000
2026-01-05,12:30,1767587040,0.0000
2026-01-05,13:00,1767588840,0.0000
2026-01-05,13:30,1767590640,0.0000
2026-01-05,14:00,1767592440,0.0000
2026-01-05,14:30,1767594240,0.0000
2026-01-05,15:00,1767596040,0.0000
2026-01-05,15:30,1767597840,0.0000
2026-01-05,16:00,1767599640,0.0000
2026-01-05,16:30,1767601440,0.0000
2026-01-05,17:00,1767603240,0.0000
2026-01-05,17:30,1767605040,0.0000
2026-01-05,18:00,1767606840,0.0000
2026-01-05,18:30,1767608640,0.0000
2026-01-05,19:00,1767610440,0.0000
2026-01-05,19:30,1767612240,0.0000
2026-01-05,20:00,1767614040,0.0000
2026-01-05,20:30,1767615840,0.0000
2026-01-05,21:00,1767617640,0.0000
2026-01-05,21:30,1767619440,0.0000
2026-01-05,22:00,1767621240,0.0000
2026-01-05,22:30,1767623040,0.0000
2026-01-05,23:00,1767624840,0.0000
2026-01-05,23:30,1767626640,0.0000
2026-01-06,00:00,1767628440,0.0000
2026-01-06,00:30,1767630240,0.0000
2026-01-06,01:00,1767632040,0.0000
2026-01-06,01:30,1767633840,0.0000
2026-01-06,02:00,1767635640,0.0000
2026-01-06,02:30,1767637440,0.0000
2026-01-06,03:00,1767639240,0.0000
2026-01-06,03:30,1767641040,0.0000
2026-01-06,04:00,1767642840,0.0000
2026-01-06,04:30,1767644640,0.0000
2026-01-06,05:00,1767646440,0.0000
2026-01-06,05:30,1767648240,0.0000
2026-01-06,06:00,1767650040,0.0000
2026-01-06,06:30,1767651840,0.0000
2026-01-06,07:00,1767653640,0.0000
2026-01-06,07:30,1767655440,0.0000
2026-01-06,08:00,1767657240,0.0000
2026-01-06,08:30,1767659040,0.0000
2026-01-06,09:00,1767660840,0.0000
2026-01-06,09:30,1767662640,0.0000
2026-01-06,10:00,1767664440,0.0000
2026-01-06,10:30,1767666240,0.0000
2026-01-06,11:00,1767668040,0.0000
2026-01-06,11:30,1767669840,0.0000
2026-01-06,12:00,1767671640,0.0000
2026-01-06,12:30,1767673440,0.0000
2026-01-06,13:00,1767675240,0.0000
2026-01-06,13:30,1767677040,0.0000
2026-01-06,14:00,1767678840,0.0000
2026-01-06,14:30,1767680640,0.0000
2026-01-06,15:00,1767682440,0.0000
2026-01-06,15:30,1767684240,0.0000
2026-01-06,16:00,1767686040,0.0000
2026-01-06,16:30,1767687840,0.0000
2026-01-06,17:00,1767689640,0.0000
2026-01-06,17:30,1767691440,0.0000
2026-01-06,18:00,1767693240,0.0000
2026-01-06,18:30,1767695040,0.0000
2026-01-06,19:00,1767696840,0.0000
2026-01-06,19:30,1767698640,0.0000
2026-01-06,20:00,1767700440,0.0000
2026-01-06,20:30,1767702240,0.0000
2026-01-06,21:00,1767704040,0.0000
2026-01-06,21:30,1767705840,0.0000
2026-01-06,22:00,1767707640,0.0000
2026-01-06,22:30,1767709440,0.0000
2026-01-06,23:00,1767711240,0.0000
2026-01-06,23:30,1767713040,0.0000
2026-01-07,00:00,1767714840,0.0000
2026-01-07,00:30,1767716640,0.0000
2026-01-07,01:00,1767718440,0.0000
2026-01-07,01:30,1767720240,0.0000
2026-01-07,02:00,1767722040,0.0000
2026-01-07,02:30,1767723840,0.0000
2026-01-07,03:00,1767725640,0.0000
2026-01-07,03:30,1767727440,0.0000
2026-01-07,04:00,1767729240,0.0000
2026-01-07,04:30,1767731040,0.0000
2026-01-07,05:00,1767732840,0.0000
2026-01-07,05:30,1767734640,0.0000
2026-01-07,06:00,1767736440,0.0000
2026-01-07,06:30,1767738240,0.0000
2026-01-07,07:00,1767740040,0.0000
2026-01-07,07:30,1767741840,0.0000
2026-01-07,08:00,1767743640,0.0000
2026-01-07,08:30,1767745440,0.0000
2026-01-07,09:00,1767747240,0.0000
2026-01-07,09:30,1767749040,0.0000
2026-01-07,10:00,1767750840,0.0000
2026-01-07,10:30,1767752640,0.0000
2026-01-07,11:00,1767754440,0.0000
2026-01-07,11:30,1767756240,0.0000
2026-01-07,12:00,1767758040,0.0000
2026-01-07,12:30,1767759840,0.0000
2026-01-07,13:00,1767761640,0.0000
2026-01-07,13:30,1767763440,0.0000
2026-01-07,14:00,1767765240,0.0000
2026-01-07,14:30,1767767040,0.0000
2026-01-07,15:00,1767768840,0.0000
2026-01-07,15:30,1767770640,0.0000
2026-01-07,16:00,1767772440,0.0000
2026-01-07,16:30,1767774240,0.0000
2026-01-07,17:00,1767776040,0.0000
2026-01-07,17:30,1767777840,0.0000
2026-01-07,18:00,1767779640,0.0000
2026-01-07,18:30,1767781440,0.0000
2026-01-07,19:00,1767783240,0.0000
2026-01-07,19:30,1767785040,0.0000
2026-01-07,20:00,1767786840,0.0000
2026-01-07,20:30,1767788640,0.0000
2026-01-07,21:00,1767790440,0.0000
2026-01-07,21:30,1767792240,0.0000
2026-01-07,22:00,1767794040,0.0000
2026-01-07,22:30,1767795840,0.0000
2026-01-07,23:00,1767797640,0.0000
2026-01-07,23:30,1767799440,0.0000
2026-01-08,00:00,1767801240,0.0000
2026-01-08,00:30,1767803040,0.0000
2026-01-08,01:00,1767804840,0.0000
2026-01-08,01:30,1767806640,0.0000
2026-01-08,02:00,1767808440,0.0000
2026-01-08,02:30,1767810240,0.0000
2026-01-08,03:00,1767812040,0.0000
2026-01-08,03:30,1767813840,0.0000
2026-01-08,04:00,1767815640,0.0000
2026-01-08,04:30,1767817440,0.0000
2026-01-08,05:00,1767819240,0.0000
2026-01-08,05:30,1767821040,0.0000
2026-01-08,06:00,1767822840,0.0000
2026-01-08,06:30,1767824640,0.0000
2026-01-08,07:00,1767826440,0.0000
2026-01-08,07:30,1767828240,0.0000
2026-01-08,08:00,1767830040,0.0000
2026-01-08,08:30,1767831840,0.0000
2026-01-08,09:00,1767833640,0.0000
2026-01-08,09:30,1767835440,0.0000
2026-01-08,10:00,1767837240,0.0000
2026-01-08,10:30,1767839040,0.0000
2026-01-08,11:00,1767840840,0.0000
2026-01-08,11:30,1767842640,0.0000
2026-01-08,12:00,1767844440,0.0000
2026-01-08,12:30,1767846240,0.0000
2026-01-08,13:00,1767848040,0.0000
2026-01-08,13:30,1767849840,0.0000
2026-01-08,14:00,1767851640,0.0000
2026-01-08,14:30,1767853440,0.0000
2026-01-08,15:00,1767855240,0.0000
2026-01-08,15:30,1767857040,0.0000
2026-01-08,16:00,1767858840,0.0000
2026-01-08,16:30,1767860640,0.0000
2026-01-08,17:00,1767862440,0.0000
2026-01-08,17:30,1767864240,0.0000
2026-01-08,18:00,1767866040,0.0000
2026-01-08,18:30,1767867840,0.0000
2026-01-08,19:00,1767869640,0.0000
2026-01-08,19:30,1767871440,0.0000
2026-01-08,20:00,1767873240,0.0000
2026-01-08,20:30,1767875040,0.0000
2026-01-08,21:00,1767876840,0.0000
2026-01-08,21:30,1767878640,0.0000
2026-01-08,22:00,1767880440,0.0000
2026-01-08,22:30,1767882240,0.0000
2026-01-08,23:00,1767884040,0.0000
2026-01-08,23:30,1767885840,0.0000
2026-01-09,00:00,1767887640,0.0000
2026-01-09,00:30,1767889440,0.0000
2026-01-09,01:00,1767891240,0.0000
2026-01-09,01:30,1767893040,0.0000
2026-01-09,02:00,1767894840,0.0000
2026-01-09,02:30,1767896640,0.0000
2026-01-09,03:00,1767898440,0.0000
2026-01-09,03:30,1767900240,0.0000
2026-01-09,04:00,1767902040,0.0000
2026-01-09,04:30,1767903840,0.0000
2026-01-09,05:00,1767905640,0.0000
2026-01-09,05:30,1767907440,0.0000
2026-01-09,06:00,1767909240,0.0000
2026-01-09,06:30,1767911040,0.0000
2026-01-09,07:00,1767912840,0.0000
2026-01-09,07:30,1767914640,0.0000
2026-01-09,08:00,1767916440,0.0000
2026-01-09,08:30,1767918240,0.0000
2026-01-09,09:00,1767920040,0.0000
2026-01-09,09:30,1767921840,0.0000
2026-01-09,10:00,1767923640,0.0000
2026-01-09,10:30,1767925440,0.0000
2026-01-09,11:00,1767927240,0.0000
2026-01-09,11:30,1767929040,0.0000
2026-01-09,12:00,1767930840,0.0000
2026-01-09,12:30,1767932640,0.0000
2026-01-09,13:00,1767934440,0.0000
2026-01-09,13:30,1767936240,0.0000
2026-01-09,14:00,1767938040,0.0000
2026-01-09,14:30,1767939840,0.0000
2026-01-09,15:00,1767941640,0.0000
2026-01-09,15:30,1767943440,0.0000
2026-01-09,16:00,1767945240,0.0000
2026-01-09,16:30,1767947040,0.0000
2026-01-09,17:00,1767948840,0.0000
2026-01-09,17:30,1767950640,0.0000
2026-01-09,18:00,1767952440,0.0000
2026-01-09,18:30,1767954240,0.0000
2026-01-09,19:00,1767956040,0.0000
2026-01-09,19:30,1767957840,0.0000
2026-01-09,20:00,1767959640,0.0000
2026-01-09,20:30,1767961440,0.0000
2026-01-09,21:00,1767963240,0.0000
2026-01-09,21:30,1767965040,0.0000
2026-01-09,22:00,1767966840,0.0000
2026-01-09,22:30,1767968640,0.0000
2026-01-09,23:00,1767970440,0.0000
2026-01-09,23:30,1767972240,0.0000
2026-01-10,00:00,1767974040,0.0000
2026-01-10,00:30,1767975840,0.0000
2026-01-10,01:00,1767977640,0.0000
2026-01-10,01:30,1767979440,0.0000
2026-01-10,02:00,1767981240,0.0000
2026-01-10,02:30,1767983040,0.0000
2026-01-10,03:00,1767984840,0.0000
2026-01-10,03:30,1767986640,0.0000
2026-01-10,04:00,1767988440,0.0000
2026-01-10,04:30,1767990240,0.0000
2026-01-10,05:00,1767992040,0.0000
2026-01-10,05:30,1767993840,0.0000
2026-01-10,06:00,1767995640,0.0000
2026-01-10,06:30,1767997440,0.0000
2026-01-10,07:00,1767999240,0.0000
2026-01-10,07:30,1768001040,0.0000
2026-01-10,08:00,1768002840,0.0000
2026-01-10,08:30,1768004640,0.0000
2026-01-10,09:00,1768006440,0.0000
2026-01-10,09:30,1768008240,0.0000
2026-01-10,10:00,1768010040,0.0000
2026-01-10,10:30,1768011840,0.0000
2026-01-10,11:00,1768013640,0.0000
2026-01-10,11:30,1768015440,0.0000
2026-01-10,12:00,1768017240,0.0000
2026-01-10,12:30,1768019040,0.0000
2026-01-10,13:00,1768020840,0.0000
2026-01-10,13:30,1768022640,0.0000
2026-01-10,14:00,1768024440,0.0000
2026-01-10,14:30,1768026240,0.0000
2026-01-10,15:00,1768028040,0.0000
2026-01-10,15:30,1768029840,0.0000
2026-01-10,16:00,1768031640,0.0000
2026-01-10,16:30,1768033440,0.0000
2026-01-10,17:00,1768035240,0.0000
2026-01-10,17:30,1768037040,0.0000
2026-01-10,18:00,1768038840,0.0000
2026-01-10,18:30,1768040640,0.0000
2026-01-10,19:00,1768042440,0.0000
2026-01-10,19:30,1768044240,0.0000
2026-01-10,20:00,1768046040,0.0000
2026-01-10,20:30,1768047840,0.0000
2026-01-10,21:00,1768049640,0.0000
2026-01-10,21:30,1768051440,0.0000
2026-01-10,22:00,1768053240,0.0000
2026-01-10,22:30,1768055040,0.0000
2026-01-10,23:00,1768056840,0.0000
2026-01-10,23:30,1768058640,0.0000
2026-01-11,00:00,1768060440,0.0000
2026-01-11,00:30,1768062240,0.0000
2026-01-11,01:00,1768064040,0.0000
2026-01-11,01:30,1768065840,0.0000
2026-01-11,02:00,1768067640,0.0000
2026-01-11,02:30,1768069440,0.0000
2026-01-11,03:00,1768071240,0.0000
2026-01-11,03:30,1768073040,0.0000
2026-01-11,04:00,1768074840,0.0000
2026-01-11,04:30,1768076640,0.0000
2026-01-11,05:00,1768078440,0.0000
2026-01-11,05:30,1768080240,0.0000
2026-01-11,06:00,1768082040,0.0000
2026-01-11,06:30,1768083840,0.0000
2026-01-11,07:00,1768085640,0.0000
2026-01-11,07:30,1768087440,0.0000
2026-01-11,08:00,1768089240,0.0000
2026-01-11,08:30,1768091040,0.0000
2026-01-11,09:00,1768092840,0.0000
2026-01-11,09:30,1768094640,0.0000
2026-01-11,10:00,1768096440,0.0000
2026-01-11,10:30,1768098240,0.0000
2026-01-11,11:00,1768100040,0.0000
2026-01-11,11:30,1768101840,0.0000
2026-01-11,12:00,1768103640,0.0000
2026-01-11,12:30,1768105440,0.0000
2026-01-11,13:00,1768107240,0.0000
2026-01-11,13:30,1768109040,0.0000
2026-01-11,14:00,1768110840,0.0000
2026-01-11,14:30,1768112640,0.0000
2026-01-11,15:00,1768114440,0.0000
2026-01-11,15:30,1768116240,0.0000
2026-01-11,16:00,1768118040,0.0000
2026-01-11,16:30,1768119840,0.0000
2026-01-11,17:00,1768121640,0.0000
2026-01-11,17:30,1768123440,0.0000
2026-01-11,18:00,1768125240,0.0000
2026-01-11,18:30,1768127040,0.0000
2026-01-11,19:00,1768128840,0.0000
2026-01-11,19:30,1768130640,0.0000
2026-01-11,20:00,1768132440,0.0000
2026-01-11,20:30,1768134240,0.0000
2026-01-11,21:00,1768136040,0.0000
2026-01-11,21:30,1768137840,0.0000
2026-01-11,22:00,1768139640,0.0000
2026-01-11,22:30,1768141440,0.0000
2026-01-11,23:00,1768143240,0.0000
2026-01-11,23:30,1768145040,0.0000
2026-01-12,00:00,1768146840,0.0000
2026-01-12,00:30,1768148640,0.0000
2026-01-12,01:00,1768150440,0.0000
2026-01-12,01:30,1768152240,0.0000
2026-01-12,02:00,1768154040,0.0000
2026-01-12,02:30,1768155840,0.0000
2026-01-12,03:00,1768157640,0.0000
2026-01-12,03:30,1768159440,0.0000
2026-01-12,04:00,1768161240,0.0000
2026-01-12,04:30,1768163040,0.0000
2026-01-12,05:00,1768164840,0.0000
2026-01-12,05:30,1768166640,0.0000
2026-01-12,06:00,1768168440,0.0000
2026-01-12,06:30,1768170240,0.0000
2026-01-12,07:00,1768172040,0.0000
2026-01-12,07:30,1768173840,0.0000
2026-01-12,08:00,1768175640,0.0000
2026-01-12,08:30,1768177440,0.0000
2026-01-12,09:00,1768179240,0.0000
2026-01-12,09:30,1768181040,0.0000
2026-01-12,10:00,1768182840,0.0000
2026-01-12,10:30,1768184640,0.0000
2026-01-12,11:00,1768186440,0.0000
2026-01-12,11:30,1768188240,0.0000
2026-01-12,12:00,1768190040,0.0000
2026-01-12,12:30,1768191840,0.0000
2026-01-12,13:00,1768193640,0.0000
2026-01-12,13:30,1768195440,0.0000
2026-01-12,14:00,1768197240,0.0000
2026-01-12,14:30,1768199040,0.0000
2026-01-12,15:00,1768200840,0.0000
2026-01-12,15:30,1768202640,0.0000
2026-01-12,16:00,1768204440,0.0000
2026-01-12,16:30,1768206240,0.0000
2026-01-12,17:00,1768208040,0.0000
2026-01-12,17:30,1768209840,0.0000
2026-01-12,18:00,1768211640,0.0000
2026-01-12,18:30,1768213440,0.0000
2026-01-12,19:00,1768215240,0.0000
2026-01-12,19:30,1768217040,0.0000
2026-01-12,20:00,1768218840,0.0000
2026-01-12,20:30,1768220640,0.0000
2026-01-12,21:00,1768222440,0.0000
2026-01-12,21:30,1768224240,0.0000
2026-01-12,22:00,1768226040,0.0000
2026-01-12,22:30,1768227840,0.0000
2026-01-12,23:00,1768229640,0.0000
2026-01-12,23:30,1768231440,0.0000
2026-01-13,00:00,1768233240,0.0000
2026-01-13,00:30,1768235040,0.0000
2026-01-13,01:00,1768236840,0.0000
2026-01-13,01:30,1768238640,0.0000
2026-01-13,02:00,1768240440,0.0000
2026-01-13,02:30,1768242240,0.0000
2026-01-13,03:00,1768244040,0.0000
2026-01-13,03:30,1768245840,0.0000
2026-01-13,04:00,1768247640,0.0000
2026-01-13,04:30,1768249440,0.0000
2026-01-13,05:00,1768251240,0.0000
2026-01-13,05:30,1768253040,0.0000
2026-01-13,06:00,1768254840,0.0000
2026-01-13,06:30,1768256640,0.0000
2026-01-13,07:00,1768258440,0.0000
2026-01-13,07:30,1768260240,0.0000
2026-01-13,08:00,1768262040,0.0000
2026-01-13,08:30,1768263840,0.0000
2026-01-13,09:00,1768265640,0.0000
2026-01-13,09:30,1768267440,0.0000
2026-01-13,10:00,1768269240,0.0000
2026-01-13,10:30,1768271040,0.0000
2026-01-13,11:00,1768272840,0.0000
2026-01-13,11:30,1768274640,0.0000
2026-01-13,12:00,1768276440,0.0000
2026-01-13,12:30,1768278240,0.0000
2026-01-13,13:00,1768280040,0.0000
2026-01-13,13:30,1768281840,0.0000
2026-01-13,14:00,1768283640,0.0000
2026-01-13,14:30,1768285440,0.0000
2026-01-13,15:00,1768287240,0.0000
2026-01-13,15:30,1768289040,0.0000
2026-01-13,16:00,1768290840,0.0000
2026-01-13,16:30,1768292640,0.0000
2026-01-13,17:00,1768294440,0.0000
2026-01-13,17:30,1768296240,0.0000
2026-01-13,18:00,1768298040,0.0000
2026-01-13,18:30,1768299840,0.0000
2026-01-13,19:00,1768301640,0.0000
2026-01-13,19:30,1768303440,0.0000
2026-01-13,20:00,1768305240,0.0000
2026-01-13,20:30,1768307040,0.0000
2026-01-13,21:00,1768308840,0.0000
2026-01-13,21:30,1768310640,0.0000
2026-01-13,22:00,1768312440,0.0000
2026-01-13,22:30,1768314240,0.0000
2026-01-13,23:00,1768316040,0.0000
2026-01-13,23:30,1768317840,0.0000
2026-01-14,00:00,1768319640,0.0000
2026-01-14,00:30,1768321440,0.0000
2026-01-14,01:00,1768323240,0.0000
2026-01-14,01:30,1768325040,0.0000
2026-01-14,02:00,1768326840,0.0000
2026-01-14,02:30,1768328640,0.0000
2026-01-14,03:00,1768330440,0.0000
2026-01-14,03:30,1768332240,0.0000
2026-01-14,04:00,1768334040,0.0000
2026-01-14,04:30,1768335840,0.0000
2026-01-14,05:00,1768337640,0.0000
2026-01-14,05:30,1768339440,0.0000
2026-01-14,06:00,1768341240,0.0000
2026-01-14,06:30,1768343040,0.0000
2026-01-14,07:00,1768344840,0.0000
2026-01-14,07:30,1768346640,0.0000
2026-01-14,08:00,1768348440,0.0000
2026-01-14,08:30,1768350240,0.0000
2026-01-14,09:00,1768352040,0.0000
2026-01-14,09:30,1768353840,0.0000
2026-01-14,10:00,1768355640,0.0000
2026-01-14,10:30,1768357440,0.0000
2026-01-14,11:00,1768359240,0.0000
2026-01-14,11:30,1768361040,0.0000
2026-01-14,12:00,1768362840,0.0000
2026-01-14,12:30,1768364640,0.0000
2026-01-14,13:00,1768366440,0.0000
2026-01-14,13:30,1768368240,0.0000
2026-01-14,14:00,1768370040,0.0000
2026-01-14,14:30,1768371840,0.0000
2026-01-14,15:00,1768373640,0.0000
2026-01-14,15:30,1768375440,0.0000
2026-01-14,16:00,1768377240,0.0000
2026-01-14,16:30,1768379040,0.0000
2026-01-14,17:00,1768380840,0.0000
2026-01-14,17:30,1768382640,0.0000
2026-01-14,18:00,1768384440,0.0000
2026-01-14,18:30,1768386240,0.0000
2026-01-14,19:00,1768388040,0.0000
2026-01-14,19:30,1768389840,0.0000
2026-01-14,20:00,1768391640,0.0000
2026-01-14,20:30,1768393440,0.0000
2026-01-14,21:00,1768395240,0.0000
2026-01-14,21:30,1768397040,0.0000
2026-01-14,22:00,1768398840,0.0000
2026-01-14,22:30,1768400640,0.0000
2026-01-14,23:00,1768402440,0.0000
2026-01-14,23:30,1768404240,0.0000
2026-01-15,00:00,1768406040,0.0000
2026-01-15,00:30,1768407840,0.0000
2026-01-15,01:00,1768409640,0.0000
2026-01-15,01:30,1768411440,0.0000
2026-01-15,02:00,1768413240,0.0000
2026-01-15,02:30,1768415040,0.0000
2026-01-15,03:00,1768416840,0.0000
2026-01-15,03:30,1768418640,0.0000
2026-01-15,04:00,1768420440,0.0000
2026-01-15,04:30,1768422240,0.0000
2026-01-15,05:00,1768424040,0.0000
2026-01-15,05:30,1768425840,0.0000
2026-01-15,06:00,1768427640,0.0000
2026-01-15,06:30,1768429440,0.0000
2026-01-15,07:00,1768431240,0.0000
2026-01-15,07:30,1768433040,0.0000
2026-01-15,08:00,1768434840,0.0000
2026-01-15,08:30,1768436640,0.0000
2026-01-15,09:00,1768438440,0.0000
2026-01-15,09:30,1768440240,0.0000
2026-01-15,10:00,1768442040,0.0000
2026-01-15,10:30,1768443840,0.0000
2026-01-15,11:00,1768445640,0.0000
2026-01-15,11:30,1768447440,0.0000
2026-01-15,12:00,1768449240,0.0000
2026-01-15,12:30,1768451040,0.0000
2026-01-15,13:00,1768452840,0.0000
2026-01-15,13:30,1768454640,0.0000
2026-01-15,14:00,1768456440,0.0000
2026-01-15,14:30,1768458240,0.0000
2026-01-15,15:00,1768460040,0.0000
2026-01-15,15:30,1768461840,0.0000
2026-01-15,16:00,1768463640,0.0000
2026-01-15,16:30,1768465440,0.0000
2026-01-15,17:00,1768467240,0.0000
2026-01-15,17:30,1768469040,0.0000
2026-01-15,18:00,1768470840,0.0000
2026-01-15,18:30,1768472640,0.0000
2026-01-15,19:00,1768474440,0.0000
2026-01-15,19:30,1768476240,0.0000
2026-01-15,20:00,1768478040,0.0000
2026-01-15,20:30,1768479840,0.0000
2026-01-15,21:00,1768481640,0.0000
2026-01-15,21:30,1768483440,0.0000
2026-01-15,22:00,1768485240,0.0000
2026-01-15,22:30,1768487040,0.0000
2026-01-15,23:00,1768488840,0.0000
2026-01-15,23:30,1768490640,0.0000
2026-01-16,00:00,1768492440,0.0000
2026-01-16,00:30,1768494240,0.0000
2026-01-16,01:00,1768496040,0.0000
2026-01-16,01:30,1768497840,0.0000
2026-01-16,02:00,1768499640,0.0000
2026-01-16,02:30,1768501440,0.0000
2026-01-16,03:00,1768503240,0.0000
2026-01-16,03:30,1768505040,0.0000
2026-01-16,04:00,1768506840,0.0000
2026-01-16,04:30,1768508640,0.0000
2026-01-16,05:00,1768510440,0.0000
2026-01-16,05:30,1768512240,0.0000
2026-01-16,06:00,1768514040,0.0000
2026-01-16,06:30,1768515840,0.0000
2026-01-16,07:00,1768517640,0.0000
2026-01-16,07:30,1768519440,0.0000
2026-01-16,08:00,1768521240,0.0000
2026-01-16,08:30,1768523040,0.0000
2026-01-16,09:00,1768524840,0.0000
2026-01-16,09:30,1768526640,0.0000
2026-01-16,10:00,1768528440,0.0000
2026-01-16,10:30,1768530240,0.0000
2026-01-16,11:00,1768532040,0.0000
2026-01-16,11:30,1768533840,0.0000
2026-01-16,12:00,1768535640,0.0000
2026-01-16,12:30,1768537440,0.0000
2026-01-16,13:00,1768539240,0.0000
2026-01-16,13:30,1768541040,0.0000
2026-01-16,14:00,1768542840,0.0000
2026-01-16,14:30,1768544640,0.0000
2026-01-16,15:00,1768546440,0.0000
2026-01-16,15:30,1768548240,0.0000
2026-01-16,16:00,1768550040,0.0000
2026-01-16,16:30,1768551840,0.0000
2026-01-16,17:00,1768553640,0.0000
2026-01-16,17:30,1768555440,0.0000
2026-01-16,18:00,1768557240,0.0000
2026-01-16,18:30,1768559040,0.0000
2026-01-16,19:00,1768560840,0.0000
2026-01-16,19:30,1768562640,0.0000
2026-01-16,20:00,1768564440,0.0000
2026-01-16,20:30,1768566240,0.0000
2026-01-16,21:00,1768568040,0.0000
2026-01-16,21:30,1768569840,0.0000
2026-01-16,22:00,1768571640,0.0000
2026-01-16,22:30,1768573440,0.0000
2026-01-16,23:00,1768575240,0.0000
2026-01-16,23:30,1768577040,0.0000
